Title,Description,Level

Linux Essentials,"Aprenda os conceitos básicos do sistema operacional Linux: estrutura de diretórios, comandos fundamentais, permissões e gerenciamento de usuários.",beginner
Linux Administration,"Domine a administração de sistemas Linux, incluindo configuração de serviços, gerenciamento de pacotes, monitoramento de processos e segurança.",intermediate
Linux Networking,"Aprenda a configurar redes em Linux, incluindo interfaces, firewall com iptables, SSH, servidores web e DNS.",advanced
HTML Fundamentals,"Aprenda a estruturar páginas da web com HTML, entendendo elementos, atributos, links, imagens e formulários.",beginner
Advanced HTML & Forms,"Aprofunde seus conhecimentos em HTML criando formulários complexos, trabalhando com inputs, validações e acessibilidade.",intermediate
CSS Fundamentals,"Domine a estilização de páginas web com CSS, incluindo seletores, cores, tipografia, layouts responsivos e animações.",beginner
CSS Flexbox & Grid,"Domine os sistemas modernos de layout em CSS para criar páginas responsivas e bem estruturadas.",intermediate
JavaScript Essentials,"Aprenda a linguagem de programação da web: variáveis, funções, DOM, eventos e manipulação de elementos dinâmicos.",beginner
Modern JavaScript (ES6+),"Aprenda os recursos modernos do JavaScript, incluindo arrow functions, promises, async/await e módulos.",intermediate
C Programming Basics,"Entenda os conceitos fundamentais da linguagem C: variáveis, ponteiros, estruturas de controle, arrays e funções.",beginner
C Memory Management,"Entenda como funciona a alocação e liberação de memória em C, trabalhando com ponteiros, malloc e free.",advanced
Java Programming Fundamentals,"Aprenda a programar em Java: sintaxe, orientação a objetos, classes, herança e tratamento de exceções.",beginner
Java OOP Advanced,"Aprofunde-se em conceitos avançados de orientação a objetos em Java: polimorfismo, interfaces, generics e coleções.",intermediate
PHP for Web Development,"Aprenda a criar aplicações dinâmicas com PHP: sintaxe, variáveis, formulários, sessões e integração com bancos de dados.",beginner
PHP with Databases,"Aprenda a integrar PHP com bancos de dados relacionais, construindo aplicações dinâmicas e seguras.",intermediate
Dart Programming,"Aprenda a linguagem Dart, base do Flutter, cobrindo sintaxe, funções, classes, coleções e programação assíncrona.",beginner
Dart Asynchronous Programming,"Aprenda a lidar com programação assíncrona em Dart usando Futures, Streams e async/await.",intermediate
Node.js Fundamentals,"Aprenda a usar Node.js para construir aplicações back-end: módulos, npm, APIs REST e integração com bancos de dados.",intermediate
Node.js with Express,"Construa APIs REST completas com Node.js e Express, incluindo autenticação, middlewares e integração com MongoDB.",advanced
MySQL Fundamentals,"Aprenda a modelar e consultar bancos de dados relacionais com MySQL: tabelas, chaves, SELECT, JOIN e funções agregadas.",beginner
MySQL Optimization,"Aprenda técnicas de otimização de consultas SQL, criação de índices e tuning de performance em MySQL.",advanced
SQL Server Essentials,"Aprenda a usar o SQL Server para gerenciar dados: criação de tabelas, consultas, stored procedures e segurança.",intermediate
SQL Server for BI,"Aprenda a usar SQL Server em cenários de Business Intelligence, criando procedures, views e relatórios.",advanced
Bootstrap 5 Fundamentals,"Aprenda a criar interfaces modernas e responsivas com Bootstrap 5: grid system, componentes e personalização.",beginner
Bootstrap 5 Advanced,"Personalize temas, crie componentes customizados e explore utilitários avançados do Bootstrap 5.",intermediate
Django Framework,"Aprenda a desenvolver aplicações web robustas com Django: models, views, templates, autenticação e ORM.",intermediate
Django REST Framework,"Aprenda a criar APIs robustas e escaláveis com Django REST Framework, incluindo autenticação e versionamento.",advanced
Angular Fundamentals,"Aprenda a construir aplicações SPA com Angular: componentes, diretivas, serviços, roteamento e formulários.",intermediate
Angular Advanced,"Aprofunde-se em Angular com RxJS, Observables, lazy loading e otimização de performance.",advanced
React Fundamentals,"Aprenda a criar interfaces reativas com React: JSX, componentes, props, state, hooks e gerenciamento de estado.",intermediate
React with Redux,"Aprenda a gerenciar estado global em aplicações React usando Redux e boas práticas de arquitetura.",advanced
Flutter Fundamentals,"Aprenda a desenvolver aplicativos multiplataforma com Flutter: widgets, layouts, navegação e integração com APIs.",intermediate
Flutter Advanced UI,"Crie interfaces complexas e animadas em Flutter, explorando widgets avançados e customização de temas.",advanced
Laravel Framework,"Aprenda a desenvolver aplicações web modernas com Laravel: rotas, controllers, migrations, Eloquent ORM e autenticação.",intermediate
Laravel Advanced,"Aprenda recursos avançados do Laravel, como queues, eventos, broadcasting e testes automatizados.",advanced
Express.js Fundamentals,"Aprenda a criar APIs e aplicações web com Express.js: rotas, middlewares, templates e integração com bancos de dados.",intermediate
Express.js Authentication,"Implemente autenticação segura em aplicações Express.js usando JWT, OAuth2 e middlewares customizados.",advanced
Git Essentials,"Aprenda a usar Git para controle de versão: commits, branches, merges, pull requests e colaboração em equipe.",beginner
Git Advanced Workflows,"Aprenda fluxos de trabalho avançados com Git: rebase, cherry-pick, submodules e integração com CI/CD.",intermediate

Advanced HTML & Forms,"Aprofunde seus conhecimentos em HTML criando formulários complexos, trabalhando com inputs, validações e acessibilidade.",intermediate
CSS Flexbox & Grid,"Domine os sistemas modernos de layout em CSS para criar páginas responsivas e bem estruturadas.",intermediate
Modern JavaScript (ES6+),"Aprenda os recursos modernos do JavaScript, incluindo arrow functions, promises, async/await e módulos.",intermediate
C Memory Management,"Entenda como funciona a alocação e liberação de memória em C, trabalhando com ponteiros, malloc e free.",advanced
Java OOP Advanced,"Aprofunde-se em conceitos avançados de orientação a objetos em Java: polimorfismo, interfaces, generics e coleções.",intermediate
Linux Command Line Mastery,"Aprenda a dominar o terminal Linux com comandos avançados, pipes, redirecionamentos e scripts de automação.",intermediate
PHP with Databases,"Aprenda a integrar PHP com bancos de dados relacionais, construindo aplicações dinâmicas e seguras.",intermediate
Dart Asynchronous Programming,"Aprenda a lidar com programação assíncrona em Dart usando Futures, Streams e async/await.",intermediate
Node.js with Express,"Construa APIs REST completas com Node.js e Express, incluindo autenticação, middlewares e integração com MongoDB.",advanced
MySQL Optimization,"Aprenda técnicas de otimização de consultas SQL, criação de índices e tuning de performance em MySQL.",advanced
SQL Server for BI,"Aprenda a usar SQL Server em cenários de Business Intelligence, criando procedures, views e relatórios.",advanced
Bootstrap 5 Advanced,"Personalize temas, crie componentes customizados e explore utilitários avançados do Bootstrap 5.",intermediate
Django REST Framework,"Aprenda a criar APIs robustas e escaláveis com Django REST Framework, incluindo autenticação e versionamento.",advanced
Angular Advanced,"Aprofunde-se em Angular com RxJS, Observables, lazy loading e otimização de performance.",advanced
React with Redux,"Aprenda a gerenciar estado global em aplicações React usando Redux e boas práticas de arquitetura.",advanced
Flutter Advanced UI,"Crie interfaces complexas e animadas em Flutter, explorando widgets avançados e customização de temas.",advanced
Laravel Advanced,"Aprenda recursos avançados do Laravel, como queues, eventos, broadcasting e testes automatizados.",advanced
Express.js Authentication,"Implemente autenticação segura em aplicações Express.js usando JWT, OAuth2 e middlewares customizados.",advanced
Git Advanced Workflows,"Aprenda fluxos de trabalho avançados com Git: rebase, cherry-pick, submodules e integração com CI/CD.",intermediate

HTML Fundamentals,"Aprenda a estruturar páginas da web com HTML, entendendo elementos, atributos, links, imagens e formulários.",beginner
CSS Fundamentals,"Domine a estilização de páginas web com CSS, incluindo seletores, cores, tipografia, layouts responsivos e animações.",beginner
JavaScript Essentials,"Aprenda a linguagem de programação da web: variáveis, funções, DOM, eventos e manipulação de elementos dinâmicos.",beginner
C Programming Basics,"Entenda os conceitos fundamentais da linguagem C: variáveis, ponteiros, estruturas de controle, arrays e funções.",beginner
Java Programming Fundamentals,"Aprenda a programar em Java: sintaxe, orientação a objetos, classes, herança e tratamento de exceções.",beginner
Linux Fundamentals,"Aprenda a usar o sistema operacional Linux: terminal, comandos básicos, manipulação de arquivos, permissões e processos.",beginner
PHP for Web Development,"Aprenda a criar aplicações dinâmicas com PHP: sintaxe, variáveis, formulários, sessões e integração com bancos de dados.",beginner
Dart Programming,"Aprenda a linguagem Dart, base do Flutter, cobrindo sintaxe, funções, classes, coleções e programação assíncrona.",beginner
Node.js Fundamentals,"Aprenda a usar Node.js para construir aplicações back-end: módulos, npm, APIs REST e integração com bancos de dados.",intermediate
MySQL Fundamentals,"Aprenda a modelar e consultar bancos de dados relacionais com MySQL: tabelas, chaves, SELECT, JOIN e funções agregadas.",beginner
SQL Server Essentials,"Aprenda a usar o SQL Server para gerenciar dados: criação de tabelas, consultas, stored procedures e segurança.",intermediate
Bootstrap 5 Fundamentals,"Aprenda a criar interfaces modernas e responsivas com Bootstrap 5: grid system, componentes e personalização.",beginner
Django Framework,"Aprenda a desenvolver aplicações web robustas com Django: models, views, templates, autenticação e ORM.",intermediate
Angular Fundamentals,"Aprenda a construir aplicações SPA com Angular: componentes, diretivas, serviços, roteamento e formulários.",intermediate
React Fundamentals,"Aprenda a criar interfaces reativas com React: JSX, componentes, props, state, hooks e gerenciamento de estado.",intermediate
Flutter Fundamentals,"Aprenda a desenvolver aplicativos multiplataforma com Flutter: widgets, layouts, navegação e integração com APIs.",intermediate
Laravel Framework,"Aprenda a desenvolver aplicações web modernas com Laravel: rotas, controllers, migrations, Eloquent ORM e autenticação.",intermediate
Express.js Fundamentals,"Aprenda a criar APIs e aplicações web com Express.js: rotas, middlewares, templates e integração com bancos de dados.",intermediate
Git Essentials,"Aprenda a usar Git para controle de versão: commits, branches, merges, pull requests e colaboração em equipe.",beginner

HTML Fundamentals,"Aprenda a estruturar páginas da web com HTML, entendendo elementos, atributos, links, imagens e formulários.",beginner
CSS Fundamentals,"Domine a estilização de páginas web com CSS, incluindo seletores, cores, tipografia, layouts responsivos e animações.",beginner
JavaScript Essentials,"Aprenda a linguagem de programação da web: variáveis, funções, DOM, eventos e manipulação de elementos dinâmicos.",beginner
Python Programming Fundamentals,"Aprenda os fundamentos da linguagem Python: sintaxe, estruturas de dados, funções, módulos e boas práticas.",beginner
C Programming Basics,"Entenda os conceitos fundamentais da linguagem C: variáveis, ponteiros, estruturas de controle, arrays e funções.",beginner
Java Programming Fundamentals,"Aprenda a programar em Java: sintaxe, orientação a objetos, classes, herança e tratamento de exceções.",beginner
Linux Fundamentals,"Aprenda a usar o sistema operacional Linux: terminal, comandos básicos, manipulação de arquivos, permissões e processos.",beginner
PHP for Web Development,"Aprenda a criar aplicações dinâmicas com PHP: sintaxe, variáveis, formulários, sessões e integração com bancos de dados.",beginner
Dart Programming,"Aprenda a linguagem Dart, base do Flutter, cobrindo sintaxe, funções, classes, coleções e programação assíncrona.",beginner
Node.js Fundamentals,"Aprenda a usar Node.js para construir aplicações back-end: módulos, npm, APIs REST e integração com bancos de dados.",intermediate
MySQL Fundamentals,"Aprenda a modelar e consultar bancos de dados relacionais com MySQL: tabelas, chaves, SELECT, JOIN e funções agregadas.",beginner
SQL Server Essentials,"Aprenda a usar o SQL Server para gerenciar dados: criação de tabelas, consultas, stored procedures e segurança.",intermediate
Bootstrap 5 Fundamentals,"Aprenda a criar interfaces modernas e responsivas com Bootstrap 5: grid system, componentes e personalização.",beginner
Django Framework,"Aprenda a desenvolver aplicações web robustas com Django: models, views, templates, autenticação e ORM.",intermediate
Angular Fundamentals,"Aprenda a construir aplicações SPA com Angular: componentes, diretivas, serviços, roteamento e formulários.",intermediate
React Fundamentals,"Aprenda a criar interfaces reativas com React: JSX, componentes, props, state, hooks e gerenciamento de estado.",intermediate
Flutter Fundamentals,"Aprenda a desenvolver aplicativos multiplataforma com Flutter: widgets, layouts, navegação e integração com APIs.",intermediate
Laravel Framework,"Aprenda a desenvolver aplicações web modernas com Laravel: rotas, controllers, migrations, Eloquent ORM e autenticação.",intermediate
Express.js Fundamentals,"Aprenda a criar APIs e aplicações web com Express.js: rotas, middlewares, templates e integração com bancos de dados.",intermediate
Git Essentials,"Aprenda a usar Git para controle de versão: commits, branches, merges, pull requests e colaboração em equipe.",beginner

Linux Essentials,"Aprenda os conceitos básicos do sistema operacional Linux: estrutura de diretórios, comandos fundamentais, permissões e gerenciamento de usuários.",beginner
Linux Administration,"Domine a administração de sistemas Linux, incluindo configuração de serviços, gerenciamento de pacotes, monitoramento de processos e segurança.",intermediate
Linux for Developers,"Entenda como usar Linux como ambiente de desenvolvimento: compiladores, bibliotecas, ferramentas de build e integração com Git.",intermediate
Linux Networking,"Aprenda a configurar redes em Linux, incluindo interfaces, firewall com iptables, SSH, servidores web e DNS.",advanced
Linux Security Fundamentals,"Conheça as práticas de segurança em Linux: hardening do sistema, auditoria de logs, controle de acesso e criptografia.",intermediate
Linux Shell Scripting,"Automatize tarefas no Linux criando scripts em Bash. Trabalhe com variáveis, loops, funções e manipulação de arquivos.",beginner
Linux for Data Science,"Configure ambientes Linux para ciência de dados, incluindo Python, R, bibliotecas de machine learning e gerenciamento de pacotes.",intermediate
Linux Server Management,"Aprenda a instalar, configurar e manter servidores Linux em produção, com foco em alta disponibilidade e desempenho.",advanced
Linux File Systems,"Explore os sistemas de arquivos do Linux: ext4, XFS, montagem de partições, gerenciamento de discos e LVM.",intermediate
Linux Fundamentals for DevOps,"Use Linux como base para pipelines de CI/CD, containers Docker, Kubernetes e automação de infraestrutura.",intermediate

Data Engineering with AWS,"Learn to design data models, build data warehouses and data lakes, automate data pipelines, and manage massive datasets.",intermediate
Product Manager,"Envision and execute the development of industry-defining products, and learn how to successfully bring them to market.",beginner
C++,Get hands-on experience building five real-world projects in this popular general-purpose programming language.,intermediate
Business Analytics,"Gain foundational data skills like analyzing data, modeling business scenarios, and communicating findings.",beginner
Data Scientist,"Build effective machine learning models, run data pipelines, build recommendation systems, and deploy solutions to the cloud with industry-aligned projects.",advanced
Introduction to Programming,"A first step for beginners towards careers in web and app development, machine learning, data science, AI, and more.",beginner
Digital Marketing,"Meet the growing demand for skilled digital marketers by learning the latest technologies for building impactful marketing strategies.
",beginner
Data Analyst,"Use Python, SQL, and statistics to uncover insights, communicate critical findings, and create data-driven solutions.",intermediate
Deep Learning,Deep learning is driving advances in artificial intelligence that are changing our world—enroll now and learn to build and apply your own deep neural networks.,intermediate
Programming for Data Science with Python,"Learn the fundamental programming tools for data professionals: Python, SQL, terminal, and Git.",beginner
Full Stack Web Developer,"Learn to design and develop powerful modern web applications that form the foundation for the apps, websites, and systems that people and businesses use every day.",intermediate
AWS Machine Learning Engineer,Learn the data science and machine learning skills required to build and deploy machine learning models in production using Amazon SageMaker.,intermediate
SQL,"Master SQL, the core language for big data analysis, to enable insight-driven decision-making and strategy.",beginner
Machine Learning DevOps Engineer,Gain the DevOps skills required to automate the various aspects and stages of building and monitoring machine learning models.,advanced
Artificial Intelligence for Trading,"Complete real-world projects designed by industry experts, covering topics from asset management to trading signal generation. Master AI algorithms for trading, and build your career-ready portfolio.",intermediate
React,Learn to build declarative user interfaces for the web with React as well as manage state more predictably in your applications with Redux.,intermediate
Self-Driving Car Engineer,Learn the techniques that power self-driving cars across the full stack of a vehicle’s autonomous capabilities.,advanced
UX Designer,Design impactful user experiences for products in today’s digital world.,beginner
Java Developer,"Learn back-end development with Java, one of the most popular programming languages in the world.",intermediate
Data Engineering with Microsoft Azure ,Master job-ready Azure skills like designing data models and utilizing other in-demand components of the cloud computing service.,intermediate
AI Programming with Python,"Learn Python, NumPy, pandas, Matplotlib, PyTorch, calculus, and linear algebra—the foundations for building your own neural network.",beginner
Data Product Manager,Apply data science best practices to build products that deliver the right experience to the right users—at the right time.,intermediate
Intermediate Python,"Learn how to plan, design, and implement enterprise data infrastructure solutions and create the blueprints for your organization’s data success.",intermediate
Growth Product Manager,"Lead experimentation and data-driven decision-making to drive products to the next level of scale, impact, and profitability.",intermediate
Front End Web Developer,Learn how to build high quality websites and dynamic applications to create stunning user experiences for the web.,intermediate
Blockchain Developer,"Demand for blockchain developers is skyrocketing. In this program, you'll work with the Bitcoin and Ethereum protocols, build projects for real-world application, and gain the essential skills for a career in this dynamic space.",intermediate
Deep Reinforcement Learning,Master the deep reinforcement learning skills that are powering amazing advances in AI—and start applying these skills to applications like video games and robotics.,advanced
Computer Vision,"Learn the in-demand skills of computer vision, a growing field of AI, that empower advancements in robotics and automation.",advanced
Data Structures and Algorithms,Get hands-on practice with over 100 data structures and algorithm exercises with technical mentor support when needed to help prepare you for the workplace.,intermediate
Robotics Software Engineer,"Build five hands-on projects to acquire core robotics software engineering skills: ROS, Gazebo, localization, mapping, SLAM, navigation, and path planning.",advanced
AI Product Manager,Develop AI products that deliver real business value by building skills that help you compete in the new AI-powered world.,beginner
Android Kotlin Developer,"Master Android app development with Kotlin, a modern programming language that enables developers to be more productive.",intermediate
Java Programming,"Elevate your Java abilities with the fundamental skills used by developers to design, code, test, and deploy cutting-edge Java software.",intermediate
Cloud DevOps Engineer,Companies are looking for talented DevOps engineers to remain competitive in this agile world. Enroll now to master skills like operationalizing infrastructure at scale and delivering applications and services at high velocity.,intermediate
Data Architect,"Learn how to plan, design and implement enterprise data infrastructure solutions and create the blueprints for your organization’s data success.",advanced
Data Analysis and Visualization with Microsoft Power BI,"Utilize Microsoft Power BI as a primary tool for data pre-processing, visualization, and analysis.",beginner
Natural Language Processing,"Learn the job-ready skills that progress computers to be able to understand, process, and respond to human language.",advanced
Intro to Self-Driving Cars,This introductory program is the perfect way to start your journey into the future of transportation—flying cars.,intermediate
Full Stack JavaScript Developer,"Find success as a full stack developer by focusing on topics like UI, UX, APIs, server side business logic, persistence layers, and more.",intermediate
Introduction to Cybersecurity,"Get your start in the high growth field of cybersecurity by building foundational skills including evaluating, maintaining, and monitoring the security of computer systems.",beginner
Data Streaming,Learn how to stream data to unlock key insights in real-time.,advanced
Cloud Developer,Cloud development is the foundation for the new world of software development. Enroll now to build and deploy production-ready full stack apps at scale on AWS.,intermediate
Intro to Machine Learning with TensorFlow,"Build a solid foundation in supervised, unsupervised, and deep learning. Then, use these skills to test and deploy machine learning models in a production environment.",intermediate
Sensor Fusion Engineer,"Learn to fuse lidar point clouds, radar signatures, and camera images using Kalman Filters to detect and track vehicles and pedestrians over time.",advanced
Predictive Analytics For Business,"Learn essential AI concepts including search, optimization, planning, pattern recognition, and more from experts like Peter Norvig and Sebastian Thrun.",beginner
Intermediate JavaScript,"Master JavaScript, the most popular programming language in the world. Be equipped for advanced roles in web development, server-side application development, and desktop development.",intermediate
Agile Software Development,"Get equipped with the skills you need to guide the delivery of high value products with top notch software development teams.
",beginner
Intro to Machine Learning with PyTorch,"Build a solid foundation in supervised, unsupervised, and deep learning. Then, use these skills to test and deploy machine learning models in a production environment.",intermediate
AWS Cloud Architect,"Build confidence planning, designing, and creating high availability cloud infrastructure.",advanced
AI for Business Leaders,"Master the foundations of artificial intelligence so you can strategically implement machine learning technology in your organization, and leverage it for corporate growth.",intermediate
AI for Healthcare,Be at the forefront of the AI revolution in healthcare and transform patient outcomes by enabling enhanced medical decision-making powered by machine learning.,advanced
iOS Developer,"Master the Swift programming language, and create a portfolio of iOS apps for iPhone and iPad to showcase your skills!",beginner
Flying Car and Autonomous Flight Engineer,"Master job-ready autonomous flight software engineering skills as you tackle advanced challenges, write real code for real aircraft, and develop a systems understanding of the Flying Car full-stack.",advanced
Artificial Intelligence,"Learn essential Artificial Intelligence concepts from AI experts like Peter Norvig and Sebastian Thrun, including search, optimization, planning, pattern recognition, and more.",advanced
Digital Project Management,"Build confidence translating business requirements into project scope statements, creating project plans, and developing a high-performing team.
",beginner
Cloud Native Application Architecture,"Learn to run and manage scalable applications in a cloud native environment using open source tools and projects like ArgoCD, gRPC, and Grafana.",intermediate
Data Visualization,"Combine data, visuals, and narrative to tell impactful stories and make data-driven decisions.",beginner
Marketing Analytics,"Learn to collect and analyze data, model marketing scenarios, and communicate your findings with Excel, Tableau, Google Analytics, and Data Studios.",beginner
Cloud Architect using Microsoft Azure,"Meet the growing demand for Azure cloud architects and learn the skills to translate business requirements into technical specifications for reliable, scalable, and secure cloud infrastructure using Microsoft Azure.",advanced
Ethical Hacker,"Learn how to find and exploit vulnerabilities, design and execute penetration testing plans, and report on test findings.",advanced
RPA Developer with UiPath,Build the operational processes that enable the businesses of the future.,beginner
Privacy Engineer,"Master the skills necessary to become a successful privacy engineer. Learn to create technical solutions and implement privacy principles by integrating Privacy-by-Design into product development, data infrastructure, and software release lifecycles.",intermediate
Machine Learning Engineer for Microsoft Azure,"Strengthen your machine learning skills and build practical experience by training, validating, and evaluating models using Azure Machine Learning. ",intermediate
Data Science for Business Leaders,"Master the people, platforms, and processes required to leverage the power of Data Science in your business.",intermediate
Security Engineer,Take advantage of the growing need for skilled security professionals by mastering the sought-after skills to protect an organization’s computer networks and systems from security threats or attacks.,intermediate
Site Reliability Engineer,"Learn to build automation tools that ensure designed solutions respond to requirements such as availability, performance, security, and maintainability.",intermediate
Cloud DevOps using Microsoft Azure,"Learn how to deploy, test, and monitor cloud applications on Azure, one of the most popular cloud services platforms across the globe.",intermediate
Security Analyst,"Learn to identify, correct, and respond to security weaknesses and incidents through open-ended projects that mimic workplace security challenges.",intermediate
Digital Freelancer,The goal of the Digital Freelancer Nanodegree program is to prepare students to enter the digital marketplace by teaching key skills to create a successful digital business. Students will learn freelancing basics and essential skills as well as how to build their personal brand to start a successful online business in the global freelancing marketplace.,beginner
Cloud Developer using Microsoft Azure,"Master critical cloud computing skills used to deploy, build, migrate, and monitor applications on Azure.",intermediate
Golang,"Discover Golang’s implementation of traditional programming features, as well as extra features that make it a powerful tool.",beginner
Data Privacy,Equip yourself with industry-guided data privacy best practices for physical or virtual office environments.,beginner
Cloud Computing for Business Leaders,Focus on the unique knowledge and skills that business leaders need to unlock the value of cloud technologies in their organizations.,intermediate
Security Architect,The goal of the Security Architect Nanodegree is to equip learners with the necessary skills to implement elements of security infrastructure design and management at an enterprise level.,intermediate
Enterprise Security,"This program addresses security topics related to corporate environments, which are often distinct from production environments and center around the devices, identities, and infrastructure used by personnel on a daily basis.",intermediate
AI Engineer using Microsoft Azure,"Master the skills necessary to implement machine learning models, build end-to-end AI solutions, and manage continuous improvement of an Azure AI solution.",advanced
Programming for Data Science with R,"Prepare for a data science career by learning the fundamental data programming tools: R, SQL, command line, and git.",beginner
Zero Trust Security,Learners leave the course with a reinvigorated perspective on cybersecurity and a lexicon of practices and solutions that support what is rapidly becoming the new dominant strategy in enterprise security.,intermediate
Cybersecurity for Business Leaders,Learn to leverage the capabilities of cybersecurity best practices to protect your organization and unlock next-level results.,beginner
Ethical AI,"Learn to apply ethical AI to minimize bias, while maximizing fairness and explainability, ensuring an ethical future for all.",intermediate
AWS Machine Learning Foundations Course,Learn what machine learning is and the steps involved in building and evaluating models. Gain in demand skills needed at businesses working to solve challenges with AI.,intermediate
Introduction to Machine Learning using Microsoft Azure,"Gain a high-level introduction to the field of machine learning and prepare to use Azure Machine Learning Studio to train machine learning models. Plus, learn how to perform a variety of tasks on Azure Machine Learning labs — from data import, transformation and management to training, validating and evaluating models.",intermediate
AI Fundamentals,"AI Fundamentals is an entry point into the world of AI using Microsoft's cloud-based solutions, such as Azure Machine Learning and Azure Cognitive Services.",beginner
Linear Algebra Refresher Course,Learn linear algebra by doing: you will code your own library of linear algebra functions!,intermediate
Machine Learning: Unsupervised Learning,Ever wonder how Netflix can predict what movies you'll like? Or how Amazon knows what you want to buy before you do? The answer can be found in Unsupervised Learning!,intermediate
Big Data Analytics in Healthcare,"In this course, we introduce the characteristics of medical data and associated data mining challenges on dealing with such data. We cover various algorithms and systems.",intermediate
Intel® Edge AI Fundamentals with OpenVINO™,Stay at the cutting-edge of AI technology by gaining practical skills for deploying edge AI. Learn how to use the Intel Distribution of OpenVINO toolkit to deploy computer vision capabilities inside a range of edge applications.,intermediate
Artificial Intelligence,"This course gives a survey of topics in AI along with in-depth foundational concepts such as classical search, probability, machine learning, logic and planning.",intermediate
Secure and Private AI,Learn how to extend PyTorch with the tools necessary to train AI models that preserve user privacy.,advanced
Model Building and Validation,This course will teach you how to start from scratch in understanding and paying attention to what is important in the data and how to answer questions about data.,advanced
Data Visualization and D3.js,Learn the fundamentals of data visualization and apply design and narrative concepts to create your own visualization.,intermediate
Machine Learning for Trading,Implement machine learning based strategies to make trading decisions using real-world data.,intermediate
Machine Learning,"In this course, you'll learn how to apply Supervised, Unsupervised and Reinforcement Learning techniques for solving a range of data science problems.",intermediate
Intro to Hadoop and MapReduce,"In this short course, learn the fundamentals of MapReduce and Apache Hadoop to start making sense of Big Data in the real world!",intermediate
Real-Time Analytics with Apache Storm,"The world is trending in real time! Learn Apache Storm, taught by Twitter, to scalably analyze real-time tweets and drive d3 visualizations. Storm is free, open and fun!",intermediate
A/B Testing,"This course will cover the design and analysis of A/B tests, also known as split tests, which are online experiments used to test potential improvements to a website or mobile application. ",intermediate
Data Analysis with R,Data is everywhere and so much of it is unexplored. Learn how to investigate and summarize data sets using R and eventually create your own analysis.,intermediate
Knowledge-Based AI: Cognitive Systems,The twin goals of knowledge-based artificial intelligence (AI) are to build AI agents capable of human-level intelligence and gain insights into human cognition.,advanced
Introduction to TensorFlow Lite,Learn how to deploy deep learning models on mobile and embedded devices with TensorFlow Lite.,intermediate
Introduction to Computer Vision,"This course provides an introduction to computer vision including fundamentals, methods for application and machine learning classification.",intermediate
Intro to TensorFlow for Deep Learning,"Developed by Google and Udacity, this course teaches a practical approach to deep learning for software developers.",intermediate
Eigenvectors and Eigenvalues,Learn how to calculate eigenvalues and eigenvectors and why they are important for AI applications.,beginner
Intro to Artificial Intelligence,"This course will introduce you to the basics of AI. Topics include machine learning, probabilistic reasoning, robotics, computer vision, and natural language processing.",intermediate
Artificial Intelligence for Robotics,"Learn how to program all the major systems of a robotic car. Topics include planning, search, localization, tracking, and control.",advanced
Intro to Deep Learning with PyTorch,Learn the basics of deep learning and implement your own deep neural networks with PyTorch,intermediate
AWS DeepRacer,Learn the fundamentals of machine learning and reinforcement learning in a fun and engaging way through autonomous driving with AWS DeepRacer.,intermediate
Reinforcement Learning,Learn how to engage with machine learning from a theoretical perspective. Explore automated decision-making and dive into advanced algorithms. ,advanced
Introduction to Machine Learning Course,"This class will teach you the end-to-end process of investigating data through a machine learning lens. Learn online, with Udacity.",intermediate
Microsoft Power Platform,"Learn to build powerful and effective solutions with ease with Microsoft Power Platform. Created in partnership with the Microsoft Power Platform team, this course will introduce you to efficient low-code solutions for data analytics, app development, and artifical intelligence.",beginner
Web Tooling & Automation,"In this course, you’ll learn how to setup your development environment and save a lot of time and effort with automatic optimization.",intermediate
Front End Frameworks,"Explore and build interactive, single-page applications with popular JavaScript frameworks!",advanced
Responsive Web Design Fundamentals,Learn and practice strategies for developing websites that look great on every device! Made with Google's Pete LePage.,intermediate
How to Install Android Studio,Participate in this short tutorial to install Android Studio on your computer and set up a new project using the program's Project Wizard.,beginner
Website Performance Optimization,"Learn how browsers convert HTML, CSS and JavaScript into websites while you experiment with Chrome Developer Tools to measure and optimize website speed!",intermediate
iOS Networking with Swift,Learn how to incorporate networking into your apps to access data from around the world. Build the On the Map app to share location and fun links with fellow students.,advanced
JavaScript Design Patterns,Learn the importance of code organization and how to implement it with either vanilla JavaScript or an organizational library or framework.,advanced
Android Performance,"Performance matters to users, so it must matter to you. Learn how to identify and fix bottlenecks in your Android applications, and ensure a smooth user experience.",advanced
Responsive Images,Go beyond image tags! Learn how to make images a part of your responsive design workflow.,intermediate
Xcode Debugging,"In this course, you'll learn standard methodologies for debugging software, and how to use Xcode's debugging tools to find and squash bugs.",advanced
Build Native Mobile Apps with Flutter,Learn from experts at Google how to use Flutter to craft high-quality native interfaces on iOS and Android devices in record time.,intermediate
JavaScript Promises,Learn how to simplify asynchronous work with Native JavaScript Promises!,advanced
UIKit Fundamentals,"Learn the iOS UIKit framework, which is the cornerstone of creating user interfaces in all iOS apps and crucial for any iOS Developer to be intimately familiar with.",intermediate
Client-Server Communication,"Learn how a client communicates with a server, including HTTP's request and response cycle, HTTP/2 and HTTPs.",advanced
What is Programming?,This course is your first step towards a career in programming.,beginner
Building High Conversion Web Forms,"Increase conversions with best practices for fast, efficient forms! Learn how to design and build web forms for users on any device.",intermediate
Software Architecture & Design,Software Architecture and Design teaches the principles and concepts involved in the analysis and design of large software systems.,intermediate
Intro to Information Security,,intermediate
Authentication & Authorization: OAuth,Learn to implement the OAuth 2.0 framework to allow users to securely and easily login to your web applications.,intermediate
Intro to iOS App Development with Swift,Take the first step in becoming an iOS Developer by learning about Swift and writing your first app.,intermediate
Introduction to Operating Systems,"Introduction to Operating Systems teaches the basic operating system abstractions, mechanisms, and their implementations.",intermediate
Web Accessibility,"Get hands-on experience making web applications accessible. You’ll understand when and why users need accessibility, then you’ll dive into how to implement.",advanced
Android Basics: Data Storage,"In this course, you'll learn the basics of data storage in Android, building your first database and an app that could be used for any small business!",beginner
Scalable Microservices with Kubernetes,"This course is designed to teach you about managing microservices, using Kubernetes. This course is built in partnership with experts such as Google’s Kelsey Hightower.",intermediate
Developing Android Apps with Kotlin,Learn the fundamentals of the Kotlin programming language from Kotlin experts at Google.,intermediate
Browser Rendering Optimization,This course will demystify the browser's rendering pipeline and make it easy for you to build high performance web apps.,advanced
Learn Swift Programming Syntax,"This course focuses on the syntax of the Swift programming language. By the end of the course, you'll be able to apply Swift essentials to building iOS apps.",intermediate
Offline Web Applications,Learn how to develop offline-first web application using Service Workers and IndexedDB.,intermediate
Kotlin for Android Developers,"Take an Android app in Java and convert it to Kotlin, learning key features of the Kotlin programming language along the way.",advanced
UX Design for Mobile Developers,This is a design course made for developers. You'll learn UX design skills which will help you make 5-star mobile apps that your users will love.,beginner
Software Development Process,"Software Development Processes explores requirements engineering, architecture and design, testing, and software quality in general.",intermediate
Data Visualization in Tableau,Learn the fundamentals of data visualization and practice communicating with data.,beginner
Intro to Progressive Web Apps,In this course you’ll get started working on your very first Progressive Web App (PWA) - a web app that can take advantage of many features native applications have enjoyed!,intermediate
Writing READMEs,Documentation is an important part of the development process. Learn to write READMEs using Markdown so your code can be used by other humans!,beginner
Software Analysis & Testing,"This course covers the theory and practice of software analysis, which is at the heart of software development processes such as diagnosing bugs, testing, and debugging.",intermediate
iOS Persistence and Core Data,"Persisting data is a core skill for any iOS developer. Learn how to store app data to your device using three common techniques: NSUserDefaults, Sandbox, and Core Data.",advanced
Computer Networking,This is an advanced Computer Networking course that delves into the latest concepts and tools used by the CN industry.,intermediate
Firebase Analytics: iOS,"Learn how to grow an app's user base using Firebase Analytics, a free and unlimited analytics solution",intermediate
Human-Computer Interaction,"This course is an introductory course on human-computer interaction, covering the principles, techniques, and open areas of development in HCI.",intermediate
2D Game Development with libGDX,"This course explores how to use LibGDX to build 2D games that run anywhere, from web browsers to mobile devices. At the end you will create a full game, called Icicles.",intermediate
Intro to jQuery,Learn how to access and modify the DOM with ease using jQuery!,intermediate
Cyber-Physical Systems Security,This course provides an introduction to security issues relating to cyber-physical systems including industrial control systems and critical infrastructures.,intermediate
How to create <anything> in Android,Learn to implement the newest Android user interface components while building apps in Android Studio.,beginner
Introduction to Graduate Algorithms,Learn advanced techniques for designing algorithms and apply them to hard computational problems.,advanced
Dynamic Web Applications with Sinatra,"Sinatra is a micro-framework for quickly developing small Ruby applications for the web. In this course, you'll learn all about Sinatra, routing, and templating.",intermediate
How to Make a Platformer Using libGDX,"This course will explore how to create a game called Giga Gal. Giga Gal is a platformer in which you run, collect energy packs, jump a bunch, and shoot enemies.",intermediate
JavaScript Testing,Learn how to iterate on your web applications with confidence using the red-green-refactor workflow cycle and automated testing frameworks.,intermediate
Object-Oriented JavaScript,,intermediate
Localization Essentials,"Localization is about making a product feel tailored to users around the world. Specifically, it is the process of adapting a product to a language, culture and market.",beginner
Compilers: Theory and Practice,This course teaches the theory and practice behind building compilers for higher level programming languages.,intermediate
HTML5 Canvas,Learn how you can use HTML5 Canvas to create and modify images or even interactive animations.,beginner
Object Oriented Programming in Java,Learn how to apply powerful object-oriented programming concepts in Java,intermediate
Designing RESTful APIs,Build and secure a web server with a RESTful Developer-Friendly API that developers will love to use.,intermediate
GT - Refresher - Advanced OS,"This course covers the essential Operating Systems concepts students need in preparation for the rest of the GT ""Advanced Operating Systems"" sequence.",intermediate
Intro to JavaScript,"Learn the fundamentals of JavaScript, the most popular programming language in web development.",beginner
Grand Central Dispatch (GCD),Learn how to prevent background operations from interfering with an app's UI by implementing Apple's GCD framework.,intermediate
Continuous Integration and Deployment,"In this course, you'll learn how to improve the mobile development process by using continuous integration and deployment.",intermediate
Swift for Beginners,"Learn Swift, Apple's programming language for building iOS applications. Start with the basics and work your way towards completing sets of challenges in Swift.",beginner
Intro to Statistics,"Get ready to analyze, visualize, and interpret data! Thought-provoking examples and chances to combine statistics and programming will keep you engaged and challenged.",beginner
Intro to HTML and CSS,"In this course, you'll learn the fundamentals web development, along with best practices and professional problem-solving techniques using Developer Tools.",beginner
Introduction to Python Programming,"In this course, you'll learn the fundamentals of the Python programming language, along with programming best practices. You’ll learn to represent and store data using Python data types and variables, and use conditionals and loops to control the flow of your programs. You’ll harness the power of complex data structures like lists, sets, dictionaries, and tuples to store collections of related data. You’ll define and document your own custom functions, write scripts, and handle errors. Lastly, you’ll learn to find and use modules in the Python Standard Library and other third-party libraries.",beginner
Introduction to Virtual Reality,"If you are interested in learning more about virtual reality, this course will teach you the principles of VR technology and help you understand what you can build in VR.",beginner
Objective-C for Swift Developers,"Learn the distinguishing language features of Objective-C. Practice Objective-C syntax by writing classes, and writing and calling methods.",intermediate
Interactive 3D Graphics,"This course will teach you the principles of 3D computer graphics: meshes, transforms, lighting, animation, and making interactive 3D applications run in a browser.",intermediate
Full Stack Foundations,Learn the fundamentals of back-end web development by creating your own web application from the ground up using the iterative development process.,intermediate
High Performance Computer Architecture,"The HPCA course covers performance measurement, pipelining, and improved parallelism through various means.",advanced
AutoLayout,"With this course, you will learn about AutoLayout and how to use stack views and constraints to create pixel-perfect UIs.",intermediate
Kotlin Bootcamp for Programmers,Learn the fundamentals of the Kotlin programming language from Kotlin experts at Google.,intermediate
Shell Workshop,"This course is intended to get you up to speed on the shell — using a terminal, managing files and directories, and running command-line programs.",beginner
Core ML: Machine Learning for iOS,Learn how to use Apple's Core ML framework to build iOS apps with intelligent new features.,intermediate
Statistics,We live in a time of unprecedented access to information. You'll learn how to use statistics to interpret that information and make decisions.,beginner
Intro to Theoretical Computer Science,Learn the basic concepts in theoretical computer science. Discover what they imply for solving tough computational challenges.,intermediate
Design of Computer Programs,"Learn how to model problems, and how to optimize performance by using some of the advanced features of Python.",advanced
Data Wrangling with MongoDB,"Data Scientists spend most of their time cleaning data. In this course, you will learn to convert and manipulate messy data to extract what you need.",intermediate
Swift for Developers,Get a quick practical introduction to Swift programming basics and build your first iOS app!,beginner
Firebase in a Weekend: Android,This course will teach you when and why to choose Firebase as a backend for your Android application.,intermediate
Software Debugging,In this course you will learn how to debug programs systematically using scientific methods and build several automated debugging tools in Python.,intermediate
Deploying a Hadoop Cluster,Deploy your own Hadoop cluster to crunch some big data!,intermediate
Server-Side Swift,"In this course, built in collaboration with IBM and Hashicorp, you'll learn how to use Swift as a server-side language for building end-to-end applications.",intermediate
Networking for Web Developers,You've used the Internet. Now find out more about how it works.,beginner
Database Systems Concepts & Design,This course presents an example of applying a database application development methodology to a major real-world project.,intermediate
Intro to Physics,"Go to the places where big physics discoveries were made in the past and make them yourself. You’ll visit Italy, the Netherlands, and the UK as you learn basic physics.",beginner
Intro to Relational Databases,Relational databases are a powerful tool used throughout the industry. Learn the basics of SQL and how to connect your Python code to a relational database.,intermediate
ES6 - JavaScript Improved,Learn about the changes made to the JavaScript programming language in ECMAScript 6 and how to use these new improvements to write better cleaner code.,advanced
Mobile Design and Usability for iOS,"In this course, taught in collaboration with Facebook, you'll learn how to design an intuitive, user-centered mobile app, from product conception to release.",intermediate
Intro to AJAX,"Learn how to perform asynchronous requests as you build a web app with data from Google Street View, the New York Times and Wikipedia!",intermediate
Intro to Algorithms,"This class will give you an introduction to the design and analysis of algorithms, enabling you to analyze networks and discover how individuals are connected.",intermediate
The MVC Pattern in Ruby,"In this course you’ll learn how to organize your code, and why that’s important. You’ll be using the MVC Design Pattern in the web application micro-framework Sinatra.",intermediate
WeChat Mini Program Development,"Developed by Tencent and Udacity, this course will teach you to build your first Mini Program.",beginner
Asynchronous JavaScript Requests,Learn how to asynchronously request data in your web applications with Ajax.,intermediate
Embedded Systems,"This course takes a holistic view of the embedded system stack focusing on processor architectures, instruction sets, and the associated advanced compiler optimizations.",intermediate
High Performance Computing,"This course will give you solid foundations for developing, analyzing, and implementing parallel and locality-efficient algorithms.  Offered at Georgia Tech as CS6220",advanced
HTTP & Web Servers,HTTP is the fundamental protocol of the Web. Explore how it works using Python code and command-line tools.,intermediate
Advanced Android with Kotlin,Develop Feature-Rich Android Apps with the Kotlin Programming Language.,intermediate
"Computability, Complexity & Algorithms",Learn tools and techniques that will help you recognize when problems you encounter are intractable and when there an efficient solution.,advanced
Advanced Operating Systems,,advanced
Passwordless Login Solutions for iOS,"In this course you'll implement Account Kit and Facebook Login side by side in a sample app, test our login flow on a series of common use cases, and wrap things up with an introduction to Facebook’s Graph API.",intermediate
Version Control with Git,"Learn how to use Git, a popular Version Control System and essential tool for any developer.",beginner
Firebase in a Weekend: iOS,This course will teach you when and why to choose Firebase as a backend for your iOS application.,intermediate
Intro to Point & Click App Development,In this short class you'll build powerful apps without writing code. Great if you're an aspiring developer or someone who wants to learn what programmers do.,beginner
Deploying Applications with Heroku,Deploy your first web application using the Heroku platform and learn about the underlying mechanics of web hosting.,intermediate
Applied Cryptography,"Cryptography is present in everyday life, from paying with a credit card to using the telephone.  Learn all about making and breaking puzzles in computing.",advanced
Java Programming Basics,"Take your first steps towards becoming a Java developer! Learn Java syntax and create conditional statements, loops, and functions.",beginner
C++ For Programmers,"This course teaches C++ to students already familiar with a programming language. Students will learn how to use header files, control flow, functions, classes.",intermediate
Intro to Backend,Learn to build a multiuser blog with Google App Engine that permits users to sign in,intermediate
Network Security,"This course provides an introduction to computer and network security. Students successfully completing this class will be able to evaluate works in academic and commercial security, and will have rudimentary skills in security research.",intermediate
JavaScript and the DOM,,intermediate
Firebase Analytics: Android,"Learn how to grow an app's user base using Firebase Analytics, a free and unlimited analytics solution",intermediate
Configuring Linux Web Servers,,
How to Make an iOS App,"Learn the process of building an app, taking your ideas from drawing board to App Store!",advanced
Google Maps APIs,This course will introduce you to the content available through the Google Maps APIs through building a real-estate listings web application step-by-step.,intermediate
Passwordless Login Solutions for Android,,
Mobile Design and Usability for Android,"In this course, taught in collaboration with Facebook, you'll learn how to design an intuitive, user-centered mobile app, from product conception to release.",intermediate
iOS Design Patterns,"In this course, you'll explore iOS design patterns — the practical and battle-tested solutions to common problems that are used everyday by developers.",intermediate
Intro to Psychology,Go on a journey through psychological concepts and principles to enable you to gain a more in-depth understanding of human thought and behavior.,beginner
Engagement & Monetization | Mobile Games,"You will learn the most effective monetization strategies for your game, how to  keep your players interested and engaged, so that your game stands out in the app store.",beginner
Intro to Data Analysis,"Explore a variety of datasets, posing and answering your own questions about each. You'll be using the Python libraries NumPy, Pandas, and Matplotlib.",beginner
SQL for Data Analysis,Learn to use Structured Query Language (SQL) to extract and analyze data stored in databases,beginner
Intro to Inferential Statistics,Intro to Inferential Statistics will teach you how to test your hypotheses and begin to make predictions based on statistical results drawn from data!,beginner
Spark,Master how to work with big data and build machine learning models at scale using Spark!,intermediate
Data Analysis and Visualization,"This course will introduce students to the field by covering state­-of-­the-art modeling, analysis and visualization techniques.",intermediate
Introduction to Digital Project Management,"This course introduces the field of digital project management, while diving into relevant career paths and what exactly those paths entail. It also covers the basic structure on which digital projects are formed.",beginner
Getting Started with Google Workspace,"Learn how to manage mail and schedules effectively. Create, manage and, share content in Google Drive and become more productive through the use of the collaboration features that are an integral and defining part of Google Workspace.",beginner
Rapid Prototyping,Learning to prototype will save you time and money in the development process. You’ll create quality apps faster and have confidence in the viability of your products.,intermediate
Creating an Analytical Dataset,Learn how to prepare data to ensure the efficacy of your analysis while improving fluency in Alteryx.,beginner
Problem Solving with Advanced Analytics,"Learn a scientific approach to solving problems with data, a foundational skill for anyone interested in making data driven decisions in a business context.",beginner
Classification Models,Learn how to use classification predictive models to solve business problems involving non-numeric data.,intermediate
Product Design,"Learn product validation, UI/UX practices, Google’s Design Sprint and the process for setting and tracking actionable metrics.",intermediate
Segmentation and Clustering,The Segmentation & Clustering course provides students with the knowledge to build and apply clustering models to develop sophisticated segmentation in business contexts.,intermediate
Time Series Forecasting,The Time Series Forecasting course provides students with the foundational knowledge to build and apply time series forecasting models in a variety of business contexts.,intermediate
App Marketing,"This course will help you organize a strategy of identifying your perfect user, and teach you how to grow your user base by focusing your product on their needs.",intermediate
App Monetization,"Learn how to effectively develop, implement, and measure your monetization strategy, iterating on the model as appropriate.",intermediate
A/B Testing for Business Analysts,The A/B Testing course provides students with the foundational knowledge to design and analyze A/B tests to create business insights and support decision making.,intermediate
How to Build a Startup,"Learn what it takes to build a successful startup using the Customer Development process, where entrepreneurs ""get out of the building"" to gather and iterate on feedback.",intermediate
Get Your Startup Started,Acquire the know-how necessary to see your business grow towards its next milestone.,intermediate
Managing Remote Teams with Upwork,Bring your remote-teams to the next level with hands-on skills to manage your remote workforce effectively.,beginner
Oracle Autonomous Database Administration,"Dive into the fundamentals of autonomous databases. Explore the process of planning, implementing, and deploying an Oracle Autonomous Database, the first and only autonomous database service in the cloud.",beginner
Oracle Cloud Infrastructure Architect Associate,Develop key insights into key concepts and features of Oracle Cloud Infrastructure (OCI).,intermediate
Oracle Cloud Infrastructure Architect Professional,This course will help you gain strong knowledge through hands-on experience with architecting infrastructure using Oracle Cloud Infrastructure services.,advanced
Oracle Cloud Infrastructure Foundations,Develop foundational knowledge of Oracle Cloud Infrastructure Cloud Services.,beginner
Oracle Cloud Infrastructure Operations Professional,This course is going to walk you through some of the day-to-day operational activities that you might find yourself managing in the Oracle Cloud Infrastructure ecosystem.,beginner
Google Cloud Digital Leader Training,Gain foundational literacy in cloud & digital transformation. Increase your cloud confidence so you can speak with colleagues in technical cloud roles and contribute to informed cloud-related business decisions.,intermediate
Cloud Native Fundamentals,"Throughout this course, students will learn how to structure, package, and release an application to a Kubernetes cluster, while using an automated CI/CD pipeline.",intermediate
Cyber-Physical Systems Design & Analysis,This course provides an introduction to cyber-physical systems with an industrial perspective.,advanced
Differential Equations in Action,"Write Python code to find numerical solutions to systems of differential equations. The models you create will fight wildfires, bring spaceships back to earth, and more!",intermediate
Self-Driving Fundamentals: Featuring Apollo ,"Identify key parts of self-driving cars, utilize Apollo HD Map, localization, perception, prediction, planning and control, and start the learning path of building a self-driving car. ",beginner
Product Manager Interview Preparation,"Ace your product management interview by understanding how to answer key strategic, technical, and practical product questions.",beginner
Craft Your Cover Letter,Write a compelling narrative that showcases your value to the company.,beginner
Refresh Your Resume,Create a targeted resume that gets the attention of recruiters and lands you an interview in tech.,beginner
Strengthen Your LinkedIn Network & Brand,Learn how to excel at networking both in-person and on LinkedIn.,beginner
Data Science Interview Prep,"Prepare for data science interviews by practicing data analysis, machine learning, and data structure and algorithms questions.",intermediate
Android Interview Prep,Learn how to respond to common Android and mobile development interview questions.,intermediate
Machine Learning Interview Preparation,"In this course, you’ll learn exactly what to expect during a machine learning interview.",intermediate
Front-End Interview Prep,Answer front-end technical and behavioral interview questions with confidence and poise.,intermediate
Full-Stack Interview Prep,Answer common full stack and web security interview questions with confidence and poise.,intermediate
Data Structures & Algorithms in Swift,Review and practice the skills technical interviewers expect you to know and learn how to explain your Swift solutions.,intermediate
iOS Interview Prep,Answer iOS and mobile development interview questions with confidence and poise.,intermediate
VR Interview Prep,Learn how to tackle interview questions for technical roles in VR Development.,intermediate
